[
  {
    "id": "3133745d-cab0-45d4-b644-10c84012135b",
    "data": [
      {
        "text": "sur la plateform ",
        "userDefined": false
      },
      {
        "text": "10",
        "alias": "destination",
        "meta": "@destination",
        "userDefined": true
      }
    ],
    "isTemplate": false,
    "count": 0,
    "updated": 0
  },
  {
    "id": "ca4c99e5-ae50-4936-ba4e-d29e6f20d259",
    "data": [
      {
        "text": "indique moi le chemin jusqu\u0027au ",
        "userDefined": false
      },
      {
        "text": "quai 20",
        "alias": "destination",
        "meta": "@destination",
        "userDefined": true
      }
    ],
    "isTemplate": false,
    "count": 0,
    "updated": 0
  },
  {
    "id": "572762d5-e0bf-4ea4-a421-5d13109d84df",
    "data": [
      {
        "text": "du ",
        "userDefined": false
      },
      {
        "text": "quai 8",
        "alias": "destination",
        "meta": "@destination",
        "userDefined": true
      }
    ],
    "isTemplate": false,
    "count": 0,
    "updated": 0
  },
  {
    "id": "5dde0ef8-4da7-4f18-9fe1-ea941eea56d1",
    "data": [
      {
        "text": "comment j\u0027arrive à ",
        "userDefined": false
      },
      {
        "text": "destination",
        "alias": "destination",
        "meta": "@destination",
        "userDefined": true
      },
      {
        "text": "?",
        "userDefined": false
      }
    ],
    "isTemplate": false,
    "count": 0,
    "updated": 0
  },
  {
    "id": "4db92cbf-8222-478a-a59d-0da335feef99",
    "data": [
      {
        "text": "conduit moi au quai ",
        "userDefined": false
      },
      {
        "text": "9",
        "alias": "destination",
        "meta": "@destination",
        "userDefined": true
      }
    ],
    "isTemplate": false,
    "count": 0,
    "updated": 0
  },
  {
    "id": "52173e3f-5524-4eee-a6bc-db60f6dcbbfd",
    "data": [
      {
        "text": "sur le perron ",
        "userDefined": false
      },
      {
        "text": "six",
        "alias": "destination",
        "meta": "@destination",
        "userDefined": true
      }
    ],
    "isTemplate": false,
    "count": 0,
    "updated": 0
  },
  {
    "id": "8ef0b0fe-c624-49d3-98a3-1b53c53b1bb7",
    "data": [
      {
        "text": "de la ",
        "userDefined": false
      },
      {
        "text": "plateforme 2a",
        "alias": "destination",
        "meta": "@destination",
        "userDefined": true
      }
    ],
    "isTemplate": false,
    "count": 0,
    "updated": 0
  }
]