[
  {
    "id": "6378d8b7-1b43-48b6-b70b-602b6a63e991",
    "data": [
      {
        "text": "on ",
        "userDefined": false
      },
      {
        "text": "12",
        "alias": "destination",
        "meta": "@destination",
        "userDefined": true
      }
    ],
    "isTemplate": false,
    "count": 0,
    "updated": 0
  },
  {
    "id": "d3e699f1-bc26-4828-bc69-d5fd73af2217",
    "data": [
      {
        "text": "from ",
        "userDefined": false
      },
      {
        "text": "plaform 7b",
        "alias": "destination",
        "meta": "@destination",
        "userDefined": true
      }
    ],
    "isTemplate": false,
    "count": 0,
    "updated": 0
  },
  {
    "id": "2c43250b-bc07-431c-b2de-fde22162e796",
    "data": [
      {
        "text": "on platform ",
        "userDefined": false
      },
      {
        "text": "twelve",
        "alias": "destination",
        "meta": "@destination",
        "userDefined": true
      }
    ],
    "isTemplate": false,
    "count": 0,
    "updated": 0
  },
  {
    "id": "cd4d6354-81ff-47b5-9385-089431a4b27f",
    "data": [
      {
        "text": "I",
        "meta": "@sys.ignore",
        "userDefined": true
      },
      {
        "text": " want to go to ",
        "userDefined": false
      },
      {
        "text": "destination",
        "alias": "destination",
        "meta": "@destination",
        "userDefined": true
      }
    ],
    "isTemplate": false,
    "count": 0,
    "updated": 0
  },
  {
    "id": "70f37689-0bfe-4927-bcc7-0089a84908de",
    "data": [
      {
        "text": "How do I go to ",
        "userDefined": false
      },
      {
        "text": "destination",
        "alias": "destination",
        "meta": "@destination",
        "userDefined": true
      }
    ],
    "isTemplate": false,
    "count": 0,
    "updated": 0
  },
  {
    "id": "889c3267-981d-4190-9a01-3896137d42b9",
    "data": [
      {
        "text": "Guide me to ",
        "userDefined": false
      },
      {
        "text": "destination",
        "alias": "destination",
        "meta": "@destination",
        "userDefined": true
      }
    ],
    "isTemplate": false,
    "count": 0,
    "updated": 0
  }
]