[
  {
    "id": "6b5f75dc-b442-4c65-9551-7785265046bd",
    "data": [
      {
        "text": "sur le ",
        "userDefined": false
      },
      {
        "text": "quai 2",
        "alias": "destination",
        "meta": "@destination",
        "userDefined": true
      }
    ],
    "isTemplate": false,
    "count": 0,
    "updated": 0
  },
  {
    "id": "60731d58-2c00-4c4a-b7c3-426006892232",
    "data": [
      {
        "text": "quai 8",
        "alias": "destination",
        "meta": "@destination",
        "userDefined": true
      }
    ],
    "isTemplate": false,
    "count": 0,
    "updated": 0
  },
  {
    "id": "81bc75e3-088e-4dc0-98ac-4df1fff612d0",
    "data": [
      {
        "text": "plateforme 2",
        "alias": "destination",
        "meta": "@destination",
        "userDefined": true
      }
    ],
    "isTemplate": false,
    "count": 0,
    "updated": 0
  },
  {
    "id": "3491caaa-5696-40f5-8d73-86eb3896ab43",
    "data": [
      {
        "text": "du ",
        "userDefined": false
      },
      {
        "text": "perron 7",
        "alias": "destination",
        "meta": "@destination",
        "userDefined": true
      }
    ],
    "isTemplate": false,
    "count": 0,
    "updated": 0
  },
  {
    "id": "37e444c0-d5c3-40ed-801f-537f29f63a84",
    "data": [
      {
        "text": "du ",
        "userDefined": false
      },
      {
        "text": "quai 5",
        "alias": "destination",
        "meta": "@destination",
        "userDefined": false
      }
    ],
    "isTemplate": false,
    "count": 0,
    "updated": 0
  },
  {
    "id": "8ef0b0fe-c624-49d3-98a3-1b53c53b1bb7",
    "data": [
      {
        "text": "de la ",
        "userDefined": false
      },
      {
        "text": "plateforme 12a",
        "alias": "destination",
        "meta": "@destination",
        "userDefined": true
      }
    ],
    "isTemplate": false,
    "count": 0,
    "updated": 0
  }
]